{"cameraMode":{"drawMode":0,"name":"Shaded","section":"Shading Mode"},"sceneLighting":false,"audioPlay":false,"sceneViewState":{"showFog":true,"showMaterialUpdate":false,"showSkybox":false,"showFlares":true,"showImageEffects":true,"showParticleSystems":true},"in2DMode":false,"pivot":{"x":0.026000000536441804,"y":0.49000000953674319,"z":0.02800000086426735},"rotation":{"x":0.007855906151235104,"y":-0.6083376407623291,"z":0.006021532230079174,"w":0.7936198115348816},"size":0.04330126568675041,"orthographic":false}