{"cameraMode":{"drawMode":0,"name":"Shaded","section":"Shading Mode"},"sceneLighting":true,"audioPlay":false,"sceneViewState":{"showFog":true,"showMaterialUpdate":false,"showSkybox":true,"showFlares":true,"showImageEffects":true,"showParticleSystems":true},"in2DMode":false,"pivot":{"x":-0.0873650312423706,"y":0.052634239196777347,"z":0.016849538311362268},"rotation":{"x":0.15527500212192536,"y":-0.6941537857055664,"z":0.15734153985977174,"w":0.6850502490997315},"size":0.7026317715644836,"orthographic":false}